[
  {
    "value": "assorted sushi",
    "synonyms": [
      "assorted sushi",
      "sushi"
    ]
  },
  {
    "value": "chicken chop",
    "synonyms": [
      "chicken chop"
    ]
  },
  {
    "value": "chicken rice",
    "synonyms": [
      "chicken rice"
    ]
  },
  {
    "value": "fish and chips",
    "synonyms": [
      "fish and chips"
    ]
  },
  {
    "value": "fried rice",
    "synonyms": [
      "fried rice"
    ]
  },
  {
    "value": "hokkien mee",
    "synonyms": [
      "hokkien mee"
    ]
  },
  {
    "value": "ramen",
    "synonyms": [
      "ramen"
    ]
  }
]