[
  {
    "value": "all purpose paper",
    "synonyms": [
      "all purpose paper"
    ]
  },
  {
    "value": "binding wires",
    "synonyms": [
      "binding wires"
    ]
  },
  {
    "value": "clear binder document holders",
    "synonyms": [
      "clear binder"
    ]
  },
  {
    "value": "filing cabinets",
    "synonyms": [
      "filing cabinets"
    ]
  },
  {
    "value": "paper cutter",
    "synonyms": [
      "paper cutter"
    ]
  },
  {
    "value": "paper shredder",
    "synonyms": [
      "paper shredder"
    ]
  },
  {
    "value": "pen",
    "synonyms": [
      "pen"
    ]
  },
  {
    "value": "printer cartridge",
    "synonyms": [
      "printer cartridge"
    ]
  },
  {
    "value": "time card",
    "synonyms": [
      "time card"
    ]
  },
  {
    "value": "laminator",
    "synonyms": [
      "laminator"
    ]
  }
]