[
  {
    "value": "Fairmont Singapore, Asian Market Cafe",
    "synonyms": [
      "Fairmont Singapore, Asian Market Cafe"
    ]
  },
  {
    "value": "Fairmont Singapore, Szechuan Court",
    "synonyms": [
      "Fairmont Singapore, Szechuan Court"
    ]
  },
  {
    "value": "Hotel Fort Canning",
    "synonyms": [
      "Hotel Fort Canning"
    ]
  },
  {
    "value": "Kipos",
    "synonyms": [
      "Kipos"
    ]
  },
  {
    "value": "llaollao",
    "synonyms": [
      "llaollao"
    ]
  },
  {
    "value": "Raffles Hotel Singapore",
    "synonyms": [
      "Raffles Hotel Singapore"
    ]
  },
  {
    "value": "Raffles Hotel Singapore, The Grand Lobby",
    "synonyms": [
      "Raffles Hotel Singapore, The Grand Lobby"
    ]
  },
  {
    "value": "Resort World Sentosa",
    "synonyms": [
      "Resort World Sentosa"
    ]
  },
  {
    "value": "The Fullerton Hotel Singapore, Jade",
    "synonyms": [
      "The Fullerton Hotel Singapore, Jade"
    ]
  },
  {
    "value": "The Fullerton Hotel Singapore, The Courtyard",
    "synonyms": [
      "The Fullerton Hotel Singapore, The Courtyard"
    ]
  },
  {
    "value": "The Fullerton Hotel Singapore, Town Restaurant",
    "synonyms": [
      "The Fullerton Hotel Singapore, Town Restaurant"
    ]
  }
]