[
  {
    "id": "34caab5f-e2f1-44ec-a730-8065080f6d1d",
    "data": [
      {
        "text": "edit employee data",
        "userDefined": false
      }
    ],
    "isTemplate": false,
    "count": 0,
    "lang": "en",
    "updated": 0
  },
  {
    "id": "3996269c-2050-45c5-acee-25aa1b63261d",
    "data": [
      {
        "text": "update employee",
        "userDefined": false
      }
    ],
    "isTemplate": false,
    "count": 0,
    "lang": "en",
    "updated": 0
  },
  {
    "id": "2c2ee908-e2da-4df9-8069-9d15d80bb082",
    "data": [
      {
        "text": "update existing employee",
        "userDefined": false
      }
    ],
    "isTemplate": false,
    "count": 0,
    "lang": "en",
    "updated": 0
  },
  {
    "id": "e7be62ea-4399-4915-8af9-0707f12b5564",
    "data": [
      {
        "text": "update an employee",
        "userDefined": false
      }
    ],
    "isTemplate": false,
    "count": 0,
    "lang": "en",
    "updated": 0
  },
  {
    "id": "cac5157c-a5e9-4396-98bb-ecbdd8eea34d",
    "data": [
      {
        "text": "help me add an employee to the database",
        "userDefined": false
      }
    ],
    "isTemplate": false,
    "count": 0,
    "lang": "en",
    "updated": 0
  },
  {
    "id": "071d2ffd-af11-4c19-81e3-c9a9952a1304",
    "data": [
      {
        "text": "add",
        "meta": "@sys.ignore",
        "userDefined": false
      },
      {
        "text": " employee",
        "userDefined": false
      }
    ],
    "isTemplate": false,
    "count": 0,
    "lang": "en",
    "updated": 0
  },
  {
    "id": "adea7e3d-023a-4405-9006-c33990cf5d74",
    "data": [
      {
        "text": "I want to ",
        "userDefined": false
      },
      {
        "text": "add",
        "meta": "@sys.ignore",
        "userDefined": false
      },
      {
        "text": " employee",
        "userDefined": false
      }
    ],
    "isTemplate": false,
    "count": 0,
    "lang": "en",
    "updated": 0
  }
]