[
  {
    "id": "1d6ac7fd-09f2-40db-a7c2-9fbff3e9e1f8",
    "data": [
      {
        "text": "6pm",
        "meta": "@sys.time",
        "alias": "time",
        "userDefined": false
      },
      {
        "text": " ",
        "userDefined": false
      },
      {
        "text": "tomorrow",
        "meta": "@sys.date",
        "alias": "date",
        "userDefined": false
      },
      {
        "text": " appointment",
        "userDefined": false
      }
    ],
    "isTemplate": false,
    "count": 0,
    "lang": "en",
    "updated": 0
  },
  {
    "id": "416e2298-9fa9-4492-9108-9fab57b79377",
    "data": [
      {
        "text": "today",
        "meta": "@sys.date",
        "alias": "date",
        "userDefined": false
      },
      {
        "text": " add event",
        "userDefined": false
      }
    ],
    "isTemplate": false,
    "count": 0,
    "lang": "en",
    "updated": 0
  },
  {
    "id": "1fdda698-d80f-45cb-b84e-6c9d68c95c84",
    "data": [
      {
        "text": "add event",
        "userDefined": false
      }
    ],
    "isTemplate": false,
    "count": 0,
    "lang": "en",
    "updated": 0
  },
  {
    "id": "664fd624-e32d-4f93-ac44-c88406ecc84f",
    "data": [
      {
        "text": "appointment",
        "userDefined": false
      }
    ],
    "isTemplate": false,
    "count": 0,
    "lang": "en",
    "updated": 0
  },
  {
    "id": "25b50554-edac-4bd2-9ed3-1c0c3a81730c",
    "data": [
      {
        "text": "Reserve a slot",
        "userDefined": false
      }
    ],
    "isTemplate": false,
    "count": 0,
    "lang": "en",
    "updated": 0
  },
  {
    "id": "3f19d576-969c-44ed-93f7-f699d56e0c9e",
    "data": [
      {
        "text": "Add a schedule",
        "userDefined": false
      }
    ],
    "isTemplate": false,
    "count": 0,
    "lang": "en",
    "updated": 0
  },
  {
    "id": "9d698d41-7348-438d-b8c5-f0b760acc17f",
    "data": [
      {
        "text": "event for ",
        "userDefined": false
      },
      {
        "text": "tomorrow",
        "meta": "@sys.date",
        "alias": "date",
        "userDefined": false
      },
      {
        "text": " from ",
        "userDefined": false
      },
      {
        "text": "2pm",
        "meta": "@sys.time",
        "alias": "time",
        "userDefined": false
      }
    ],
    "isTemplate": false,
    "count": 0,
    "lang": "en",
    "updated": 0
  },
  {
    "id": "17c61ddc-8d74-431f-9233-147a713e5c55",
    "data": [
      {
        "text": "new event",
        "userDefined": false
      }
    ],
    "isTemplate": false,
    "count": 0,
    "lang": "en",
    "updated": 0
  },
  {
    "id": "5bc99c7c-cadb-4b41-9c66-1007c7361098",
    "data": [
      {
        "text": "add new schedule",
        "userDefined": false
      }
    ],
    "isTemplate": false,
    "count": 0,
    "lang": "en",
    "updated": 0
  },
  {
    "id": "5ceff0bc-3b28-4908-8951-e002895ab537",
    "data": [
      {
        "text": "add new event on ",
        "userDefined": false
      },
      {
        "text": "12 December",
        "meta": "@sys.date",
        "alias": "date",
        "userDefined": true
      },
      {
        "text": " ",
        "userDefined": false
      },
      {
        "text": "9am",
        "meta": "@sys.time",
        "alias": "time",
        "userDefined": true
      }
    ],
    "isTemplate": false,
    "count": 0,
    "lang": "en",
    "updated": 0
  },
  {
    "id": "84bea15f-152b-428d-a0d4-1af2e190bfa6",
    "data": [
      {
        "text": "I would like to add new event for ",
        "userDefined": false
      },
      {
        "text": "tomorrow",
        "meta": "@sys.date",
        "alias": "date",
        "userDefined": false
      },
      {
        "text": " at ",
        "userDefined": false
      },
      {
        "text": "2pm",
        "meta": "@sys.time",
        "alias": "time",
        "userDefined": true
      }
    ],
    "isTemplate": false,
    "count": 0,
    "lang": "en",
    "updated": 0
  }
]