[
  {
    "id": "0719f18d-df6c-4fcb-aaf6-637baa8ec6ba",
    "data": [
      {
        "text": "bill",
        "userDefined": false
      }
    ],
    "isTemplate": false,
    "count": 0,
    "lang": "en",
    "updated": 0
  },
  {
    "id": "7196d084-41b1-473a-bf1a-d0bcac0255a7",
    "data": [
      {
        "text": "Calculate total bill",
        "userDefined": false
      }
    ],
    "isTemplate": false,
    "count": 0,
    "lang": "en",
    "updated": 0
  },
  {
    "id": "06e02bd6-1785-45b2-b95a-0066fa1163f0",
    "data": [
      {
        "text": "Calculate my bill",
        "userDefined": false
      }
    ],
    "isTemplate": false,
    "count": 0,
    "lang": "en",
    "updated": 0
  }
]