[
  {
    "id": "649678aa-4c9c-431d-974a-c3294ad27b75",
    "data": [
      {
        "text": "check ",
        "userDefined": false
      },
      {
        "text": "mentor",
        "meta": "@sys.ignore",
        "userDefined": false
      }
    ],
    "isTemplate": false,
    "count": 0,
    "lang": "en",
    "updated": 0
  },
  {
    "id": "4ad4ab44-c29d-4cc2-9bce-9b088893cc57",
    "data": [
      {
        "text": "my mentor",
        "userDefined": false
      }
    ],
    "isTemplate": false,
    "count": 0,
    "lang": "en",
    "updated": 0
  },
  {
    "id": "b17d8203-14f0-4532-849e-a46650d3cfa5",
    "data": [
      {
        "text": "what mentor is assigned to me",
        "userDefined": false
      }
    ],
    "isTemplate": false,
    "count": 0,
    "lang": "en",
    "updated": 0
  },
  {
    "id": "20bc8c31-93e5-421b-96e6-9708524f3892",
    "data": [
      {
        "text": "who is my mentor",
        "userDefined": false
      }
    ],
    "isTemplate": false,
    "count": 0,
    "lang": "en",
    "updated": 0
  },
  {
    "id": "47580de2-0db0-4f47-9690-792075c464b9",
    "data": [
      {
        "text": "check my mentor",
        "userDefined": false
      }
    ],
    "isTemplate": false,
    "count": 0,
    "lang": "en",
    "updated": 0
  }
]