[
  {
    "id": "4b6ef70f-92c9-4732-840e-a2db44e74469",
    "data": [
      {
        "text": "check schedule for ",
        "userDefined": false
      },
      {
        "text": "2nd of february",
        "meta": "@sys.date",
        "alias": "date",
        "userDefined": true
      }
    ],
    "isTemplate": false,
    "count": 0,
    "lang": "en",
    "updated": 0
  },
  {
    "id": "d30d877d-35d0-43d2-ac43-bcec6db00d09",
    "data": [
      {
        "text": "check schedule for ",
        "userDefined": false
      },
      {
        "text": "tomorrow",
        "meta": "@sys.date",
        "alias": "date",
        "userDefined": false
      }
    ],
    "isTemplate": false,
    "count": 0,
    "lang": "en",
    "updated": 0
  },
  {
    "id": "cf495a6f-28c8-477d-b245-1a99649f6d58",
    "data": [
      {
        "text": "check work schedule",
        "userDefined": false
      }
    ],
    "isTemplate": false,
    "count": 0,
    "lang": "en",
    "updated": 0
  },
  {
    "id": "ed3a0ca1-f0f4-474d-9dd8-c6ecc6fda0f1",
    "data": [
      {
        "text": "check schedule",
        "userDefined": false
      }
    ],
    "isTemplate": false,
    "count": 0,
    "lang": "en",
    "updated": 0
  }
]