[
  {
    "id": "c1191886-08e1-437e-b586-7661cd6acc5b",
    "data": [
      {
        "text": "regulation",
        "userDefined": false
      }
    ],
    "isTemplate": false,
    "count": 0,
    "lang": "en",
    "updated": 0
  },
  {
    "id": "83836c93-b913-473e-a2bd-4539f5ae96c5",
    "data": [
      {
        "text": "rules",
        "userDefined": false
      }
    ],
    "isTemplate": false,
    "count": 0,
    "lang": "en",
    "updated": 0
  },
  {
    "id": "c0c0755d-9a6c-4157-ba06-e1afdc11282e",
    "data": [
      {
        "text": "What are the regulations",
        "userDefined": false
      }
    ],
    "isTemplate": false,
    "count": 0,
    "lang": "en",
    "updated": 0
  },
  {
    "id": "535f228d-02e4-447e-bfe1-56da6718f4c3",
    "data": [
      {
        "text": "What are the rules",
        "userDefined": false
      }
    ],
    "isTemplate": false,
    "count": 0,
    "lang": "en",
    "updated": 0
  }
]