[
  {
    "id": "b849ed03-dd54-4598-8403-cb6e4ea29c4f",
    "data": [
      {
        "text": "compare food prices",
        "userDefined": false
      }
    ],
    "isTemplate": false,
    "count": 0,
    "lang": "en",
    "updated": 0
  },
  {
    "id": "372de634-8802-4ba6-978b-e9d2a716117e",
    "data": [
      {
        "text": "check prices for ",
        "userDefined": false
      },
      {
        "text": "chicken rice",
        "meta": "@Food",
        "alias": "food",
        "userDefined": false
      }
    ],
    "isTemplate": false,
    "count": 0,
    "lang": "en",
    "updated": 0
  },
  {
    "id": "f2535150-8871-4111-a205-bff0b72309b6",
    "data": [
      {
        "text": "check food prices",
        "userDefined": false
      }
    ],
    "isTemplate": false,
    "count": 0,
    "lang": "en",
    "updated": 0
  }
]