[
  {
    "id": "dd040a50-6851-4438-a17a-6d6e39b5e3c7",
    "data": [
      {
        "text": "confirmed case",
        "userDefined": false
      }
    ],
    "isTemplate": false,
    "count": 0,
    "lang": "en",
    "updated": 0
  },
  {
    "id": "76decc7e-0999-42b9-b423-e257aa258656",
    "data": [
      {
        "text": "total number of covid cases",
        "userDefined": false
      }
    ],
    "isTemplate": false,
    "count": 0,
    "lang": "en",
    "updated": 0
  },
  {
    "id": "6eecba9f-962d-457f-86ad-e4996664fa30",
    "data": [
      {
        "text": "total number of covid cases in ",
        "userDefined": false
      },
      {
        "text": "Singapore",
        "meta": "@sys.geo-country",
        "alias": "country",
        "userDefined": true
      }
    ],
    "isTemplate": false,
    "count": 0,
    "lang": "en",
    "updated": 0
  },
  {
    "id": "76c53ebb-fc4b-4c06-9444-a66d355e62b2",
    "data": [
      {
        "text": "covid number of recoveries",
        "userDefined": false
      }
    ],
    "isTemplate": false,
    "count": 0,
    "lang": "en",
    "updated": 0
  },
  {
    "id": "92e4d7dd-9abc-42b3-9da8-c026722e2dae",
    "data": [
      {
        "text": "covid number of deaths",
        "userDefined": false
      }
    ],
    "isTemplate": false,
    "count": 0,
    "lang": "en",
    "updated": 0
  },
  {
    "id": "d05a25d5-8037-471e-bc4d-7adb0bb1ad9e",
    "data": [
      {
        "text": "covid new cases",
        "userDefined": false
      }
    ],
    "isTemplate": false,
    "count": 0,
    "lang": "en",
    "updated": 0
  },
  {
    "id": "6ab702ec-4e34-4b92-b1a4-6ce29a9d2644",
    "data": [
      {
        "text": "Covid updates",
        "userDefined": false
      }
    ],
    "isTemplate": false,
    "count": 0,
    "lang": "en",
    "updated": 0
  },
  {
    "id": "aa4e48bb-7c5a-4c33-a367-18fad4a3e178",
    "data": [
      {
        "text": "number of covid cases",
        "userDefined": false
      }
    ],
    "isTemplate": false,
    "count": 0,
    "lang": "en",
    "updated": 0
  },
  {
    "id": "c75dc311-6eae-4d29-87c4-a97077317ed8",
    "data": [
      {
        "text": "latest covid statistics",
        "userDefined": false
      }
    ],
    "isTemplate": false,
    "count": 0,
    "lang": "en",
    "updated": 0
  },
  {
    "id": "93b23237-2834-422a-8571-09974f6ee79b",
    "data": [
      {
        "text": "number of cases for covid 19",
        "userDefined": false
      }
    ],
    "isTemplate": false,
    "count": 0,
    "lang": "en",
    "updated": 0
  },
  {
    "id": "241b13a6-09c4-41c3-b6e1-b9a0c22e7a78",
    "data": [
      {
        "text": "Covid Statistics ",
        "userDefined": false
      },
      {
        "text": "today",
        "meta": "@sys.ignore",
        "userDefined": false
      }
    ],
    "isTemplate": false,
    "count": 0,
    "lang": "en",
    "updated": 0
  },
  {
    "id": "7b389b65-7081-454c-b6b6-32aacca3b6fa",
    "data": [
      {
        "text": "current covid figures?",
        "userDefined": false
      }
    ],
    "isTemplate": false,
    "count": 0,
    "lang": "en",
    "updated": 0
  },
  {
    "id": "0258c033-fe15-488d-86ce-3be18e0ae55c",
    "data": [
      {
        "text": "what is the situation in ",
        "userDefined": false
      },
      {
        "text": "Singapore",
        "meta": "@sys.geo-country",
        "alias": "country",
        "userDefined": true
      },
      {
        "text": "?",
        "userDefined": false
      }
    ],
    "isTemplate": false,
    "count": 0,
    "lang": "en",
    "updated": 0
  },
  {
    "id": "68d3bd54-f0de-4f00-abad-952c8961c3c3",
    "data": [
      {
        "text": "covid in ",
        "userDefined": false
      },
      {
        "text": "Singapore",
        "meta": "@sys.geo-country",
        "alias": "country",
        "userDefined": false
      }
    ],
    "isTemplate": false,
    "count": 0,
    "lang": "en",
    "updated": 0
  },
  {
    "id": "988b2865-aa92-4a09-99d1-8fbce2110fc7",
    "data": [
      {
        "text": "how many cases are there ",
        "userDefined": false
      },
      {
        "text": "today",
        "meta": "@sys.ignore",
        "userDefined": false
      },
      {
        "text": "?",
        "userDefined": false
      }
    ],
    "isTemplate": false,
    "count": 0,
    "lang": "en",
    "updated": 0
  }
]