[
  {
    "id": "de02ee8f-9f3b-4afb-aee2-f79af9c77c0b",
    "data": [
      {
        "text": "bat virus",
        "userDefined": false
      }
    ],
    "isTemplate": false,
    "count": 0,
    "lang": "en",
    "updated": 0
  },
  {
    "id": "16a1b288-76cb-448d-ab67-5ef7ee5f4ced",
    "data": [
      {
        "text": "chinese ",
        "userDefined": false
      },
      {
        "text": "virus",
        "meta": "@covid-19",
        "alias": "covid-19",
        "userDefined": false
      }
    ],
    "isTemplate": false,
    "count": 0,
    "lang": "en",
    "updated": 0
  },
  {
    "id": "50f8a31f-03c1-4518-872d-bfead90d0d89",
    "data": [
      {
        "text": "wuhan virus",
        "meta": "@covid-19",
        "alias": "covid-19",
        "userDefined": false
      }
    ],
    "isTemplate": false,
    "count": 0,
    "lang": "en",
    "updated": 0
  },
  {
    "id": "a7c53165-8382-4ab1-ba07-171928832916",
    "data": [
      {
        "text": "Coronavirus",
        "meta": "@covid-19",
        "alias": "covid-19",
        "userDefined": false
      }
    ],
    "isTemplate": false,
    "count": 0,
    "lang": "en",
    "updated": 0
  },
  {
    "id": "21a39ac2-51ff-4bde-95a9-68fa8a42a9aa",
    "data": [
      {
        "text": "Covid-19",
        "meta": "@covid-19",
        "alias": "covid-19",
        "userDefined": false
      }
    ],
    "isTemplate": false,
    "count": 0,
    "lang": "en",
    "updated": 0
  }
]