[
  {
    "id": "3744aad0-96a7-4744-99dd-b79c1fe59871",
    "data": [
      {
        "text": "exchange rate",
        "userDefined": false
      }
    ],
    "isTemplate": false,
    "count": 0,
    "lang": "en",
    "updated": 0
  },
  {
    "id": "ba32d456-8b83-47b1-8b89-66498a26831c",
    "data": [
      {
        "text": "convert currency",
        "userDefined": false
      }
    ],
    "isTemplate": false,
    "count": 1,
    "lang": "en",
    "updated": 0
  },
  {
    "id": "6f4554da-3f0f-4780-a30d-ae2ec598ebb5",
    "data": [
      {
        "text": "change money",
        "userDefined": false
      }
    ],
    "isTemplate": false,
    "count": 0,
    "lang": "en",
    "updated": 0
  },
  {
    "id": "69510639-41d7-412f-905e-5c9568c5de97",
    "data": [
      {
        "text": "money conversion rate",
        "userDefined": false
      }
    ],
    "isTemplate": false,
    "count": 0,
    "lang": "en",
    "updated": 0
  },
  {
    "id": "d18af51a-40cf-440c-ad3f-783902c3734a",
    "data": [
      {
        "text": "Please help me find out the money exchange rate",
        "userDefined": false
      }
    ],
    "isTemplate": false,
    "count": 0,
    "lang": "en",
    "updated": 0
  },
  {
    "id": "62561f69-6df4-4131-891f-2d36acf24687",
    "data": [
      {
        "text": "what is the money exchange rate now",
        "userDefined": false
      }
    ],
    "isTemplate": false,
    "count": 0,
    "lang": "en",
    "updated": 0
  },
  {
    "id": "81702a06-b724-4d2f-bb2d-a22d4989363a",
    "data": [
      {
        "text": "money exchange",
        "userDefined": false
      }
    ],
    "isTemplate": false,
    "count": 0,
    "lang": "en",
    "updated": 0
  },
  {
    "id": "efc446f0-ee5d-4e1e-bf71-b66e74577e08",
    "data": [
      {
        "text": "What is currency conversion rate now",
        "userDefined": false
      }
    ],
    "isTemplate": false,
    "count": 0,
    "lang": "en",
    "updated": 0
  },
  {
    "id": "b781b271-b3d7-4e80-9267-3d52a714743a",
    "data": [
      {
        "text": "I want to find out the currency exchange rate",
        "userDefined": false
      }
    ],
    "isTemplate": false,
    "count": 0,
    "lang": "en",
    "updated": 0
  },
  {
    "id": "398e166a-d2ea-46ae-8e14-0642737f289e",
    "data": [
      {
        "text": "I need help in checking the foreign currency exchange",
        "userDefined": false
      }
    ],
    "isTemplate": false,
    "count": 0,
    "lang": "en",
    "updated": 0
  },
  {
    "id": "35be741f-fb5f-4bf9-b1c5-138315398281",
    "data": [
      {
        "text": "what is the currency exchange rate now",
        "userDefined": false
      }
    ],
    "isTemplate": false,
    "count": 0,
    "lang": "en",
    "updated": 0
  },
  {
    "id": "70787743-c5fe-4cbd-aa81-7c0486f6092e",
    "data": [
      {
        "text": "check currency exchange rate",
        "userDefined": false
      }
    ],
    "isTemplate": false,
    "count": 1,
    "lang": "en",
    "updated": 0
  },
  {
    "id": "b9c576eb-7f0c-4dd9-bf0b-b5bf47146b23",
    "data": [
      {
        "text": "I want to check currency exchange rate",
        "userDefined": false
      }
    ],
    "isTemplate": false,
    "count": 0,
    "lang": "en",
    "updated": 0
  },
  {
    "id": "84bdde68-f352-485f-bf9c-545e6b0b5519",
    "data": [
      {
        "text": "display currency conversion rate",
        "userDefined": false
      }
    ],
    "isTemplate": false,
    "count": 0,
    "lang": "en",
    "updated": 0
  },
  {
    "id": "feaa6499-c687-4d08-9199-2aadff2b7017",
    "data": [
      {
        "text": "please assist me in checking currency exchange rate",
        "userDefined": false
      }
    ],
    "isTemplate": false,
    "count": 0,
    "lang": "en",
    "updated": 0
  },
  {
    "id": "eca4e6fe-4616-4987-8d01-b5c917452ae3",
    "data": [
      {
        "text": "check foreign exchange rate",
        "userDefined": false
      }
    ],
    "isTemplate": false,
    "count": 0,
    "lang": "en",
    "updated": 0
  },
  {
    "id": "b4129fb8-b418-40da-9ebf-945217d2060b",
    "data": [
      {
        "text": "Change cash",
        "userDefined": false
      }
    ],
    "isTemplate": false,
    "count": 0,
    "lang": "en",
    "updated": 0
  },
  {
    "id": "efc1632d-80ec-4b97-93e5-ebf5f9616098",
    "data": [
      {
        "text": "foreign exchange",
        "userDefined": false
      }
    ],
    "isTemplate": false,
    "count": 0,
    "lang": "en",
    "updated": 0
  },
  {
    "id": "27b66ff7-1d3b-43fa-a92b-37e1ec78e972",
    "data": [
      {
        "text": "convert my money into different currency",
        "userDefined": false
      }
    ],
    "isTemplate": false,
    "count": 0,
    "lang": "en",
    "updated": 0
  },
  {
    "id": "0c9474b9-4699-4db5-88ea-3308d639bdda",
    "data": [
      {
        "text": "help me convert currency",
        "userDefined": false
      }
    ],
    "isTemplate": false,
    "count": 0,
    "lang": "en",
    "updated": 0
  },
  {
    "id": "aebf1751-f642-440f-8e31-5cd3724124c9",
    "data": [
      {
        "text": "currency conversion",
        "userDefined": false
      }
    ],
    "isTemplate": false,
    "count": 0,
    "lang": "en",
    "updated": 0
  },
  {
    "id": "9546cf02-f46b-4873-b7ba-1d2a61fb706a",
    "data": [
      {
        "text": "i want to convert currency",
        "userDefined": false
      }
    ],
    "isTemplate": false,
    "count": 1,
    "lang": "en",
    "updated": 0
  }
]