[
  {
    "id": "e8890b88-dac7-4488-a261-255960fa6107",
    "data": [
      {
        "text": "onboarding process",
        "userDefined": false
      }
    ],
    "isTemplate": false,
    "count": 1,
    "lang": "en",
    "updated": 0
  },
  {
    "id": "6e65f26f-f370-4698-95ab-42c3df9ccdcf",
    "data": [
      {
        "text": "new employee",
        "userDefined": false
      }
    ],
    "isTemplate": false,
    "count": 0,
    "lang": "en",
    "updated": 0
  },
  {
    "id": "72c4f0c4-c7cb-4533-85f4-d12da131886b",
    "data": [
      {
        "text": "i am a new employee",
        "userDefined": false
      }
    ],
    "isTemplate": false,
    "count": 0,
    "lang": "en",
    "updated": 0
  }
]