[
  {
    "id": "2edf2ae2-c7e2-4e73-af9e-fc50e239f7e1",
    "data": [
      {
        "text": "What are some of the company ethics",
        "userDefined": false
      }
    ],
    "isTemplate": false,
    "count": 0,
    "lang": "en",
    "updated": 0
  },
  {
    "id": "dbaaa179-3058-4a0f-8fee-63d035459bf1",
    "data": [
      {
        "text": "Company ethics",
        "userDefined": false
      }
    ],
    "isTemplate": false,
    "count": 0,
    "lang": "en",
    "updated": 0
  },
  {
    "id": "d73524b2-881d-49be-a4ec-bb2e7de4fa4b",
    "data": [
      {
        "text": "Ethics",
        "userDefined": false
      }
    ],
    "isTemplate": false,
    "count": 0,
    "lang": "en",
    "updated": 0
  }
]