[
  {
    "id": "36c580d8-0c9c-4209-9f20-4afbce8e5135",
    "data": [
      {
        "text": "help",
        "userDefined": false
      }
    ],
    "isTemplate": false,
    "count": 0,
    "lang": "en",
    "updated": 0
  },
  {
    "id": "e256f4e1-abd8-4ecb-9bb0-47d54bbb56ae",
    "data": [
      {
        "text": "how can you help me",
        "userDefined": false
      }
    ],
    "isTemplate": false,
    "count": 0,
    "lang": "en",
    "updated": 0
  },
  {
    "id": "2e77255b-f1aa-4651-b636-cad11e4b3dbb",
    "data": [
      {
        "text": "what are your features",
        "userDefined": false
      }
    ],
    "isTemplate": false,
    "count": 0,
    "lang": "en",
    "updated": 0
  },
  {
    "id": "7f6d6dc6-07a2-4514-8909-dcbbcb3b0dc9",
    "data": [
      {
        "text": "what can you do",
        "userDefined": false
      }
    ],
    "isTemplate": false,
    "count": 0,
    "lang": "en",
    "updated": 0
  }
]