[
  {
    "id": "46747e1e-1a5a-446d-bcbe-47ebb530bef0",
    "data": [
      {
        "text": "i want to suggest an improvement",
        "userDefined": false
      }
    ],
    "isTemplate": false,
    "count": 0,
    "lang": "en",
    "updated": 0
  },
  {
    "id": "d33d71bd-efe9-4c90-b229-cd815a2b335d",
    "data": [
      {
        "text": "i want to report a bug",
        "userDefined": false
      }
    ],
    "isTemplate": false,
    "count": 0,
    "lang": "en",
    "updated": 0
  },
  {
    "id": "6ebabd01-14ec-4e22-8023-7330a11e1f0a",
    "data": [
      {
        "text": "give feedback",
        "userDefined": false
      }
    ],
    "isTemplate": false,
    "count": 0,
    "lang": "en",
    "updated": 0
  },
  {
    "id": "972e84c8-de66-4b6d-b1b2-3862ade1179d",
    "data": [
      {
        "text": "feedback",
        "userDefined": false
      }
    ],
    "isTemplate": false,
    "count": 1,
    "lang": "en",
    "updated": 0
  },
  {
    "id": "84f1b44f-cb3b-4e17-ab9a-925b8a031f37",
    "data": [
      {
        "text": "i would like to give feedback",
        "userDefined": false
      }
    ],
    "isTemplate": false,
    "count": 0,
    "lang": "en",
    "updated": 0
  }
]