[
  {
    "id": "83f352ff-593a-4cdd-9c3d-119c583cd159",
    "data": [
      {
        "text": "Can I have the date?",
        "userDefined": false
      }
    ],
    "isTemplate": false,
    "count": 0,
    "lang": "en",
    "updated": 0
  },
  {
    "id": "2d282c2a-5baa-4e3c-bfbf-81cd12fd18eb",
    "data": [
      {
        "text": "What is ",
        "userDefined": false
      },
      {
        "text": "today",
        "meta": "@sys.date-time",
        "alias": "datetime",
        "userDefined": true
      },
      {
        "text": " date?",
        "userDefined": false
      }
    ],
    "isTemplate": false,
    "count": 0,
    "lang": "en",
    "updated": 0
  },
  {
    "id": "32653ca3-8de4-48ee-9257-4f5dfc4bd326",
    "data": [
      {
        "text": "What is the date",
        "userDefined": false
      }
    ],
    "isTemplate": false,
    "count": 0,
    "lang": "en",
    "updated": 0
  },
  {
    "id": "d63ad7dc-543f-47b7-8737-6672a55caa10",
    "data": [
      {
        "text": "today\u0027s",
        "meta": "@sys.date-time",
        "alias": "datetime",
        "userDefined": false
      },
      {
        "text": " date",
        "userDefined": false
      }
    ],
    "isTemplate": false,
    "count": 0,
    "lang": "en",
    "updated": 0
  },
  {
    "id": "4d039b19-0a32-44f5-b959-9f3a06f4de4c",
    "data": [
      {
        "text": "date",
        "meta": "@sys.ignore",
        "userDefined": false
      }
    ],
    "isTemplate": false,
    "count": 0,
    "lang": "en",
    "updated": 0
  },
  {
    "id": "caefe764-6459-4d34-a0d5-7e96dbff2eb9",
    "data": [
      {
        "text": "Tell me the date",
        "userDefined": false
      }
    ],
    "isTemplate": false,
    "count": 0,
    "lang": "en",
    "updated": 0
  },
  {
    "id": "23d4f8fc-1a84-4974-90fb-16f13a7e69ba",
    "data": [
      {
        "text": "What is the date ",
        "userDefined": false
      },
      {
        "text": "tomorrow",
        "meta": "@sys.date-time",
        "alias": "datetime",
        "userDefined": false
      },
      {
        "text": "?",
        "userDefined": false
      }
    ],
    "isTemplate": false,
    "count": 0,
    "lang": "en",
    "updated": 0
  },
  {
    "id": "292eb5c4-092e-47ea-b3a6-effcd423ccb8",
    "data": [
      {
        "text": "Today",
        "meta": "@sys.date-time",
        "alias": "datetime",
        "userDefined": false
      },
      {
        "text": " date",
        "userDefined": false
      }
    ],
    "isTemplate": false,
    "count": 0,
    "lang": "en",
    "updated": 0
  },
  {
    "id": "f5e879a7-2699-48e9-8574-eacc1eea4162",
    "data": [
      {
        "text": "What is ",
        "userDefined": false
      },
      {
        "text": "today",
        "meta": "@sys.date-time",
        "alias": "datetime",
        "userDefined": false
      },
      {
        "text": "\u0027s date?",
        "userDefined": false
      }
    ],
    "isTemplate": false,
    "count": 0,
    "lang": "en",
    "updated": 0
  }
]