[
  {
    "id": "f83edecf-11e6-406e-a8b5-8d2feae00a56",
    "data": [
      {
        "text": "Make me laugh",
        "userDefined": false
      }
    ],
    "isTemplate": false,
    "count": 0,
    "lang": "en",
    "updated": 0
  },
  {
    "id": "afcd334a-0112-4b2b-a97e-459f7f1172fa",
    "data": [
      {
        "text": "Joke",
        "userDefined": false
      }
    ],
    "isTemplate": false,
    "count": 0,
    "lang": "en",
    "updated": 0
  },
  {
    "id": "0b3899d9-3e3c-447d-a25c-ded5f4820799",
    "data": [
      {
        "text": "I\u0027m bored",
        "userDefined": false
      }
    ],
    "isTemplate": false,
    "count": 0,
    "lang": "en",
    "updated": 0
  },
  {
    "id": "305ae7a1-be31-474d-b6d7-88db94aa55a8",
    "data": [
      {
        "text": "Tell me a joke",
        "userDefined": false
      }
    ],
    "isTemplate": false,
    "count": 0,
    "lang": "en",
    "updated": 0
  }
]