[
  {
    "id": "1a72d043-0add-4e64-a4a7-2e73d03ee6cd",
    "data": [
      {
        "text": "1",
        "meta": "@sys.number",
        "alias": "number",
        "userDefined": true
      },
      {
        "text": " ",
        "userDefined": false
      },
      {
        "text": "*",
        "meta": "@multiplication",
        "alias": "multiplication",
        "userDefined": true
      },
      {
        "text": " ",
        "userDefined": false
      },
      {
        "text": "2",
        "meta": "@sys.number",
        "alias": "number1",
        "userDefined": true
      }
    ],
    "isTemplate": false,
    "count": 0,
    "lang": "en",
    "updated": 0
  },
  {
    "id": "9a4f73a0-4053-4152-9078-fa7bd0c56ce7",
    "data": [
      {
        "text": "multiplication",
        "meta": "@multiplication",
        "alias": "multiplication",
        "userDefined": false
      },
      {
        "text": " of ",
        "userDefined": false
      },
      {
        "text": "5",
        "meta": "@sys.number",
        "alias": "number",
        "userDefined": false
      },
      {
        "text": " and ",
        "userDefined": false
      },
      {
        "text": "7",
        "meta": "@sys.number",
        "alias": "number1",
        "userDefined": false
      }
    ],
    "isTemplate": false,
    "count": 0,
    "lang": "en",
    "updated": 0
  },
  {
    "id": "e84bdd42-f162-4b83-ac53-eb7c472625d5",
    "data": [
      {
        "text": "product",
        "meta": "@multiplication",
        "alias": "multiplication",
        "userDefined": true
      },
      {
        "text": " of ",
        "userDefined": false
      },
      {
        "text": "1",
        "meta": "@sys.number",
        "alias": "number1",
        "userDefined": true
      },
      {
        "text": " and ",
        "userDefined": false
      },
      {
        "text": "2",
        "meta": "@sys.number",
        "alias": "number",
        "userDefined": true
      }
    ],
    "isTemplate": false,
    "count": 0,
    "lang": "en",
    "updated": 0
  },
  {
    "id": "7f67ff2a-14e8-458c-8790-19b378b0515d",
    "data": [
      {
        "text": "8",
        "meta": "@sys.number",
        "alias": "number",
        "userDefined": false
      },
      {
        "text": " ",
        "userDefined": false
      },
      {
        "text": "times",
        "meta": "@multiplication",
        "alias": "multiplication",
        "userDefined": false
      },
      {
        "text": " ",
        "userDefined": false
      },
      {
        "text": "6",
        "meta": "@sys.number",
        "alias": "number1",
        "userDefined": false
      }
    ],
    "isTemplate": false,
    "count": 0,
    "lang": "en",
    "updated": 0
  },
  {
    "id": "26862e52-3051-41a3-a9b1-651d10c12895",
    "data": [
      {
        "text": "Multiply",
        "meta": "@multiplication",
        "alias": "multiplication",
        "userDefined": false
      },
      {
        "text": " ",
        "userDefined": false
      },
      {
        "text": "5",
        "meta": "@sys.number",
        "alias": "number1",
        "userDefined": false
      },
      {
        "text": " by ",
        "userDefined": false
      },
      {
        "text": "6",
        "meta": "@sys.number",
        "alias": "number",
        "userDefined": false
      }
    ],
    "isTemplate": false,
    "count": 0,
    "lang": "en",
    "updated": 0
  },
  {
    "id": "69843e89-b781-470e-b598-4395906b8594",
    "data": [
      {
        "text": "product",
        "meta": "@multiplication",
        "alias": "multiplication",
        "userDefined": false
      }
    ],
    "isTemplate": false,
    "count": 0,
    "lang": "en",
    "updated": 0
  },
  {
    "id": "853573bb-dde5-40ac-83fd-808039c7a282",
    "data": [
      {
        "text": "Multiplication",
        "meta": "@multiplication",
        "alias": "multiplication",
        "userDefined": true
      }
    ],
    "isTemplate": false,
    "count": 0,
    "lang": "en",
    "updated": 0
  }
]