[
  {
    "id": "262e63e6-ec3a-4dd6-bc45-4472b79492bb",
    "data": [
      {
        "text": "news article",
        "userDefined": false
      }
    ],
    "isTemplate": false,
    "count": 0,
    "lang": "en",
    "updated": 0
  },
  {
    "id": "159c8870-99d2-4f2d-9088-d4474c96e509",
    "data": [
      {
        "text": "news",
        "userDefined": false
      }
    ],
    "isTemplate": false,
    "count": 0,
    "lang": "en",
    "updated": 0
  },
  {
    "id": "65113277-d5b7-4ce6-ab67-bc87b643798f",
    "data": [
      {
        "text": "latest news",
        "userDefined": false
      }
    ],
    "isTemplate": false,
    "count": 0,
    "lang": "en",
    "updated": 0
  }
]