[
  {
    "id": "6658779c-010a-4e07-942e-c02fa366a927",
    "data": [
      {
        "text": "order ",
        "userDefined": false
      },
      {
        "text": "100",
        "meta": "@sys.number",
        "alias": "Quantity",
        "userDefined": false
      },
      {
        "text": " ",
        "userDefined": false
      },
      {
        "text": "pen",
        "meta": "@inventory",
        "alias": "inventory",
        "userDefined": false
      },
      {
        "text": " from ",
        "userDefined": false
      },
      {
        "text": "Popular",
        "meta": "@Suppliers",
        "alias": "Suppliers",
        "userDefined": false
      }
    ],
    "isTemplate": false,
    "count": 0,
    "lang": "en",
    "updated": 0
  },
  {
    "id": "98f1e6f6-4def-4742-b47f-b1867b492678",
    "data": [
      {
        "text": "order from ",
        "userDefined": false
      },
      {
        "text": "Popular",
        "meta": "@Suppliers",
        "alias": "Suppliers",
        "userDefined": true
      }
    ],
    "isTemplate": false,
    "count": 0,
    "lang": "en",
    "updated": 0
  },
  {
    "id": "97f1404b-4439-41cd-84ff-244e571df4f4",
    "data": [
      {
        "text": "order ",
        "userDefined": false
      },
      {
        "text": "pen",
        "meta": "@inventory",
        "alias": "inventory",
        "userDefined": false
      }
    ],
    "isTemplate": false,
    "count": 1,
    "lang": "en",
    "updated": 0
  },
  {
    "id": "8e077d6c-3fc6-440c-bd9a-90e9641da1ab",
    "data": [
      {
        "text": "order supplies",
        "userDefined": false
      }
    ],
    "isTemplate": false,
    "count": 0,
    "lang": "en",
    "updated": 0
  }
]