[
  {
    "id": "33bae764-7a5d-49b8-bd4b-254fdec02247",
    "data": [
      {
        "text": "order from ",
        "userDefined": false
      },
      {
        "text": "deliveroo",
        "meta": "@FoodPlatforms",
        "alias": "foodplatforms",
        "userDefined": false
      }
    ],
    "isTemplate": false,
    "count": 0,
    "lang": "en",
    "updated": 0
  },
  {
    "id": "fabefd64-ecb2-466d-a9a9-efadd57f5b87",
    "data": [
      {
        "text": "order ",
        "userDefined": false
      },
      {
        "text": "1",
        "meta": "@sys.number",
        "alias": "number",
        "userDefined": false
      },
      {
        "text": " ",
        "userDefined": false
      },
      {
        "text": "chicken rice",
        "meta": "@Food",
        "alias": "food",
        "userDefined": false
      }
    ],
    "isTemplate": false,
    "count": 0,
    "lang": "en",
    "updated": 0
  },
  {
    "id": "bd4e4362-5f75-486a-a96f-35932d46cb80",
    "data": [
      {
        "text": "order ",
        "userDefined": false
      },
      {
        "text": "chicken rice",
        "meta": "@Food",
        "alias": "food",
        "userDefined": false
      }
    ],
    "isTemplate": false,
    "count": 0,
    "lang": "en",
    "updated": 0
  },
  {
    "id": "423dc4f2-b4e2-46f3-9e63-92ab88cdc90d",
    "data": [
      {
        "text": "order ",
        "userDefined": false
      },
      {
        "text": "1",
        "meta": "@sys.number",
        "alias": "number",
        "userDefined": false
      },
      {
        "text": " ",
        "userDefined": false
      },
      {
        "text": "chicken rice",
        "meta": "@Food",
        "alias": "food",
        "userDefined": false
      },
      {
        "text": " from ",
        "userDefined": false
      },
      {
        "text": "deliveroo",
        "meta": "@FoodPlatforms",
        "alias": "foodplatforms",
        "userDefined": false
      }
    ],
    "isTemplate": false,
    "count": 0,
    "lang": "en",
    "updated": 0
  },
  {
    "id": "a2a6de6d-37dc-4ab1-9824-867ab6a365d5",
    "data": [
      {
        "text": "order food",
        "userDefined": false
      }
    ],
    "isTemplate": false,
    "count": 0,
    "lang": "en",
    "updated": 0
  }
]