[
  {
    "id": "54e61107-4bed-46f6-a8c9-59c24c740dd4",
    "data": [
      {
        "text": "check supplies for ",
        "userDefined": false
      },
      {
        "text": "pen",
        "meta": "@inventory",
        "alias": "inventory",
        "userDefined": true
      }
    ],
    "isTemplate": false,
    "count": 0,
    "lang": "en",
    "updated": 0
  },
  {
    "id": "510eafdb-8978-4b0a-8b54-8338373dded0",
    "data": [
      {
        "text": "binding wires",
        "meta": "@inventory",
        "alias": "inventory",
        "userDefined": true
      }
    ],
    "isTemplate": false,
    "count": 0,
    "lang": "en",
    "updated": 0
  },
  {
    "id": "2a576245-fc8b-46ec-a102-460db5d04294",
    "data": [
      {
        "text": "number of supplies for ",
        "userDefined": false
      },
      {
        "text": "all purpose paper",
        "meta": "@inventory",
        "alias": "inventory",
        "userDefined": true
      }
    ],
    "isTemplate": false,
    "count": 0,
    "lang": "en",
    "updated": 0
  },
  {
    "id": "408dc84e-957f-4922-8d21-832736254da7",
    "data": [
      {
        "text": "number of supplies for ",
        "userDefined": false
      },
      {
        "text": "pen",
        "meta": "@inventory",
        "alias": "inventory",
        "userDefined": true
      }
    ],
    "isTemplate": false,
    "count": 0,
    "lang": "en",
    "updated": 0
  },
  {
    "id": "3a607f3d-d23e-4bc5-a30f-51920e411008",
    "data": [
      {
        "text": "how many supplies are there",
        "userDefined": false
      }
    ],
    "isTemplate": false,
    "count": 0,
    "lang": "en",
    "updated": 0
  },
  {
    "id": "6b119577-7181-4230-a3b6-b8c21a374922",
    "data": [
      {
        "text": "what supplies are left",
        "userDefined": false
      }
    ],
    "isTemplate": false,
    "count": 0,
    "lang": "en",
    "updated": 0
  },
  {
    "id": "cc685a76-2954-477b-9afc-d2e076888927",
    "data": [
      {
        "text": "check inventory",
        "userDefined": false
      }
    ],
    "isTemplate": false,
    "count": 0,
    "lang": "en",
    "updated": 0
  }
]