[
  {
    "id": "bb4ad64e-f409-416b-8331-4c7802a32e81",
    "data": [
      {
        "text": "timetable",
        "userDefined": false
      }
    ],
    "isTemplate": false,
    "count": 0,
    "lang": "en",
    "updated": 0
  },
  {
    "id": "4a321f22-f508-4997-9296-71cbf0f7fec9",
    "data": [
      {
        "text": "my schedule",
        "userDefined": false
      }
    ],
    "isTemplate": false,
    "count": 0,
    "lang": "en",
    "updated": 0
  },
  {
    "id": "815a8803-3a02-4d51-8c19-b9a1b191db6b",
    "data": [
      {
        "text": "what event do i have ",
        "userDefined": false
      },
      {
        "text": "tomorrow",
        "meta": "@sys.date-time",
        "alias": "date-time",
        "userDefined": false
      }
    ],
    "isTemplate": false,
    "count": 0,
    "lang": "en",
    "updated": 0
  },
  {
    "id": "48dc3e1a-06a5-40aa-8fdc-9cc8215887f2",
    "data": [
      {
        "text": "what is my schedule for ",
        "userDefined": false
      },
      {
        "text": "today",
        "meta": "@sys.date-time",
        "alias": "date-time",
        "userDefined": false
      }
    ],
    "isTemplate": false,
    "count": 0,
    "lang": "en",
    "updated": 0
  }
]