[
  {
    "id": "c8c5617f-1118-4f07-8780-952dda7b091f",
    "data": [
      {
        "text": "Email",
        "userDefined": false
      }
    ],
    "isTemplate": false,
    "count": 0,
    "lang": "en",
    "updated": 0
  },
  {
    "id": "3075506f-533a-410a-a96d-66107e7b5c22",
    "data": [
      {
        "text": "How do I send an email",
        "userDefined": false
      }
    ],
    "isTemplate": false,
    "count": 0,
    "lang": "en",
    "updated": 0
  },
  {
    "id": "f8c0cfa4-ad19-4df0-a619-f0d753fd5aec",
    "data": [
      {
        "text": "I need help in sending email",
        "userDefined": false
      }
    ],
    "isTemplate": false,
    "count": 0,
    "lang": "en",
    "updated": 0
  },
  {
    "id": "06c21168-ff1c-41f9-9880-096fe9f87d2a",
    "data": [
      {
        "text": "Help send an email",
        "userDefined": false
      }
    ],
    "isTemplate": false,
    "count": 0,
    "lang": "en",
    "updated": 0
  },
  {
    "id": "ed0b14a4-3414-4a43-9b6d-31f67936acbf",
    "data": [
      {
        "text": "I want to send an email, please assist",
        "userDefined": false
      }
    ],
    "isTemplate": false,
    "count": 0,
    "lang": "en",
    "updated": 0
  },
  {
    "id": "3529d391-37b6-4a02-902e-26c30e89be66",
    "data": [
      {
        "text": "Assist me in sending an email",
        "userDefined": false
      }
    ],
    "isTemplate": false,
    "count": 0,
    "lang": "en",
    "updated": 0
  },
  {
    "id": "611c595f-2b3a-4ab7-8237-4f5d4c638695",
    "data": [
      {
        "text": "Steps to send an email",
        "userDefined": false
      }
    ],
    "isTemplate": false,
    "count": 0,
    "lang": "en",
    "updated": 0
  },
  {
    "id": "0d98059d-ede7-42b4-b72e-52e984b6ba2a",
    "data": [
      {
        "text": "email my friend",
        "userDefined": false
      }
    ],
    "isTemplate": false,
    "count": 0,
    "lang": "en",
    "updated": 0
  },
  {
    "id": "9b29cb34-9792-4b5d-b8ea-8cb1041674b8",
    "data": [
      {
        "text": "send an email",
        "userDefined": false
      }
    ],
    "isTemplate": false,
    "count": 0,
    "lang": "en",
    "updated": 0
  },
  {
    "id": "0f837193-638a-4856-8e22-0df3e8c36bec",
    "data": [
      {
        "text": "Please guide me to send an email",
        "userDefined": false
      }
    ],
    "isTemplate": false,
    "count": 0,
    "lang": "en",
    "updated": 0
  },
  {
    "id": "1b21d8ef-27b7-4a3e-a1f4-12f965317175",
    "data": [
      {
        "text": "How to send an email",
        "userDefined": false
      }
    ],
    "isTemplate": false,
    "count": 0,
    "lang": "en",
    "updated": 0
  },
  {
    "id": "940f2f3c-b147-4ef3-9533-703dac2e790a",
    "data": [
      {
        "text": "Please help me send an email",
        "userDefined": false
      }
    ],
    "isTemplate": false,
    "count": 0,
    "lang": "en",
    "updated": 0
  },
  {
    "id": "ecaf4699-0372-4755-8c37-9a3f9f05bf23",
    "data": [
      {
        "text": "I would like to forward an email",
        "userDefined": false
      }
    ],
    "isTemplate": false,
    "count": 0,
    "lang": "en",
    "updated": 0
  },
  {
    "id": "8d2bb983-f514-46ef-af0d-b65cf9d4282d",
    "data": [
      {
        "text": "send email",
        "userDefined": false
      }
    ],
    "isTemplate": false,
    "count": 0,
    "lang": "en",
    "updated": 0
  },
  {
    "id": "522b2472-f5ee-4716-b520-3ee27704047d",
    "data": [
      {
        "text": "I want to send an email",
        "userDefined": false
      }
    ],
    "isTemplate": false,
    "count": 0,
    "lang": "en",
    "updated": 0
  },
  {
    "id": "ad3e4b57-cc85-4975-9615-5ab5a430e109",
    "data": [
      {
        "text": "Can help me send an email?",
        "userDefined": false
      }
    ],
    "isTemplate": false,
    "count": 0,
    "lang": "en",
    "updated": 0
  }
]