[
  {
    "id": "61763b9c-f56e-4861-9e80-0c525431c2e2",
    "data": [
      {
        "text": "check staff details",
        "userDefined": false
      }
    ],
    "isTemplate": false,
    "count": 0,
    "lang": "en",
    "updated": 0
  },
  {
    "id": "c1d5401e-9ffe-413a-bd93-eb0aa29ac832",
    "data": [
      {
        "text": "how to contact ",
        "userDefined": false
      },
      {
        "text": "Tom",
        "meta": "@sys.any",
        "alias": "name",
        "userDefined": true
      }
    ],
    "isTemplate": false,
    "count": 0,
    "lang": "en",
    "updated": 0
  },
  {
    "id": "ab66f29f-4202-44ea-86ce-90b3761aed38",
    "data": [
      {
        "text": "phone number",
        "userDefined": false
      }
    ],
    "isTemplate": false,
    "count": 0,
    "lang": "en",
    "updated": 0
  },
  {
    "id": "233b6bea-8106-48d7-b8ac-0fe71a083c49",
    "data": [
      {
        "text": "email",
        "userDefined": false
      }
    ],
    "isTemplate": false,
    "count": 0,
    "lang": "en",
    "updated": 0
  },
  {
    "id": "e1e20205-0b1e-4f55-b263-f029e2375d50",
    "data": [
      {
        "text": "email and phone number",
        "userDefined": false
      }
    ],
    "isTemplate": false,
    "count": 0,
    "lang": "en",
    "updated": 0
  },
  {
    "id": "df05d078-ddde-49f6-9f16-2be7bc648d19",
    "data": [
      {
        "text": "Can i get the details for ",
        "userDefined": false
      },
      {
        "text": "Jay",
        "meta": "@sys.any",
        "alias": "name",
        "userDefined": true
      }
    ],
    "isTemplate": false,
    "count": 0,
    "lang": "en",
    "updated": 0
  },
  {
    "id": "776eb85d-1e16-49d9-bc00-b0ebf1afda54",
    "data": [
      {
        "text": "Staff Details",
        "userDefined": false
      }
    ],
    "isTemplate": false,
    "count": 0,
    "lang": "en",
    "updated": 0
  }
]