[
  {
    "id": "b66be895-6b6d-4db7-bfe8-4c95e6916b7c",
    "data": [
      {
        "text": "12",
        "meta": "@sys.number",
        "alias": "number",
        "userDefined": false
      },
      {
        "text": "-",
        "meta": "@subtraction",
        "alias": "subtraction",
        "userDefined": false
      },
      {
        "text": "5",
        "meta": "@sys.number",
        "alias": "number1",
        "userDefined": false
      }
    ],
    "isTemplate": false,
    "count": 0,
    "lang": "en",
    "updated": 0
  },
  {
    "id": "a0e9b96a-e239-4a5d-b316-a727d3abf8be",
    "data": [
      {
        "text": "14",
        "meta": "@sys.number",
        "alias": "number",
        "userDefined": false
      },
      {
        "text": " ",
        "userDefined": false
      },
      {
        "text": "subtract",
        "meta": "@subtraction",
        "alias": "subtraction",
        "userDefined": false
      },
      {
        "text": " ",
        "userDefined": false
      },
      {
        "text": "6",
        "meta": "@sys.number",
        "alias": "number1",
        "userDefined": false
      }
    ],
    "isTemplate": false,
    "count": 0,
    "lang": "en",
    "updated": 0
  },
  {
    "id": "c1c5dd48-2e78-4b09-8ef4-0713806be742",
    "data": [
      {
        "text": "12",
        "meta": "@sys.number",
        "alias": "number",
        "userDefined": false
      },
      {
        "text": " ",
        "userDefined": false
      },
      {
        "text": "minus",
        "meta": "@subtraction",
        "alias": "subtraction",
        "userDefined": true
      },
      {
        "text": " ",
        "userDefined": false
      },
      {
        "text": "3",
        "meta": "@sys.number",
        "alias": "number1",
        "userDefined": true
      }
    ],
    "isTemplate": false,
    "count": 0,
    "lang": "en",
    "updated": 0
  },
  {
    "id": "2c905abe-59eb-42e3-8256-3387dfe24997",
    "data": [
      {
        "text": "subtraction",
        "meta": "@subtraction",
        "alias": "subtraction",
        "userDefined": false
      }
    ],
    "isTemplate": false,
    "count": 0,
    "lang": "en",
    "updated": 0
  }
]