[
  {
    "id": "6bab4df8-9870-470a-a358-e4f4904e2f69",
    "data": [
      {
        "text": "take leave on ",
        "userDefined": false
      },
      {
        "text": "2nd of february",
        "meta": "@sys.date",
        "alias": "date",
        "userDefined": false
      }
    ],
    "isTemplate": false,
    "count": 0,
    "lang": "en",
    "updated": 0
  },
  {
    "id": "f391bba3-3ff4-48d1-bb73-cab33342cf21",
    "data": [
      {
        "text": "schedule leave",
        "userDefined": false
      }
    ],
    "isTemplate": false,
    "count": 0,
    "lang": "en",
    "updated": 0
  },
  {
    "id": "801a79df-3b42-4b9a-a4bc-0b8addc5fab5",
    "data": [
      {
        "text": "off day",
        "userDefined": false
      }
    ],
    "isTemplate": false,
    "count": 0,
    "lang": "en",
    "updated": 0
  },
  {
    "id": "dec9999a-63dd-4e95-b97a-3879540fbe2f",
    "data": [
      {
        "text": "offday",
        "userDefined": false
      }
    ],
    "isTemplate": false,
    "count": 0,
    "lang": "en",
    "updated": 0
  },
  {
    "id": "ee8881f3-926e-4def-9a23-581dc1d53f9d",
    "data": [
      {
        "text": "take off-day",
        "userDefined": false
      }
    ],
    "isTemplate": false,
    "count": 0,
    "lang": "en",
    "updated": 0
  },
  {
    "id": "8e55c5d1-91f0-43e0-a9d2-8745bac18b47",
    "data": [
      {
        "text": "take leave",
        "userDefined": false
      }
    ],
    "isTemplate": false,
    "count": 0,
    "lang": "en",
    "updated": 0
  },
  {
    "id": "0757676a-ddef-4c22-913f-4f822908356d",
    "data": [
      {
        "text": "apply leave",
        "userDefined": false
      }
    ],
    "isTemplate": false,
    "count": 0,
    "lang": "en",
    "updated": 0
  },
  {
    "id": "9fdf978b-804f-4f9d-a796-74065d100905",
    "data": [
      {
        "text": "i want to take leave ",
        "userDefined": false
      },
      {
        "text": "tomorrow",
        "meta": "@sys.date",
        "alias": "date",
        "userDefined": false
      }
    ],
    "isTemplate": false,
    "count": 0,
    "lang": "en",
    "updated": 0
  },
  {
    "id": "962330c5-0646-479a-b533-359d965232c8",
    "data": [
      {
        "text": "i want to take a leave",
        "userDefined": false
      }
    ],
    "isTemplate": false,
    "count": 0,
    "lang": "en",
    "updated": 0
  }
]