[
  {
    "id": "241f685d-d39a-4742-b192-4c2ef78d71ae",
    "data": [
      {
        "text": "translate ",
        "userDefined": false
      },
      {
        "text": "english",
        "meta": "@sys.language",
        "alias": "language",
        "userDefined": false
      },
      {
        "text": " to ",
        "userDefined": false
      },
      {
        "text": "japanese",
        "meta": "@sys.language",
        "alias": "language1",
        "userDefined": false
      }
    ],
    "isTemplate": false,
    "count": 0,
    "lang": "en",
    "updated": 0
  },
  {
    "id": "196586ce-60b5-4f17-ad71-705bda4d8aa0",
    "data": [
      {
        "text": "i want to translate a word",
        "userDefined": false
      }
    ],
    "isTemplate": false,
    "count": 0,
    "lang": "en",
    "updated": 0
  },
  {
    "id": "6c2c97e0-7836-4454-9fd3-b4b7c96c701b",
    "data": [
      {
        "text": "help me translate",
        "userDefined": false
      }
    ],
    "isTemplate": false,
    "count": 0,
    "lang": "en",
    "updated": 0
  },
  {
    "id": "2abebbde-b92e-4e09-ab54-0649ae0db16d",
    "data": [
      {
        "text": "translate",
        "userDefined": false
      }
    ],
    "isTemplate": false,
    "count": 0,
    "lang": "en",
    "updated": 0
  },
  {
    "id": "c490776e-6e1f-42ed-b4b6-39dfc8d45c32",
    "data": [
      {
        "text": "translate a language",
        "userDefined": false
      }
    ],
    "isTemplate": false,
    "count": 0,
    "lang": "en",
    "updated": 0
  }
]